{
  "total_doxa": 197,
  "total_pairs": 19306,
  "mean": 0.5211701706581716,
  "std": 0.058485800750649894,
  "min": 0.28566634254330114,
  "max": 0.7878123370028165,
  "percentiles": {
    "50": 0.522090698916482,
    "75": 0.5585330370651258,
    "80": 0.5678206186186476,
    "85": 0.5794353509221691,
    "90": 0.5941824413457444,
    "95": 0.6176091154888864,
    "99": 0.6647457819604533
  },
  "recommended_threshold": 0.5941824413457444,
  "current_threshold": 0.85
}